,carat,cut,color,clarity,depth,table,price,x,y,z
52496,0.51,Ideal,F,IF,62.4,55,2524,5.11,5.14,3.2
18666,1.54,Premium,I,SI2,61.2,58,7631,7.51,7.43,4.57
16380,0.29,Very Good,E,VVS1,59.5,61,609,4.29,4.31,2.56
25345,1.7,Premium,H,VS2,62.4,59,14058,7.63,7.54,4.73
33716,0.33,Ideal,H,IF,61.4,54,838,4.47,4.49,2.75
39742,0.39,Premium,F,VS1,60.6,55,1092,4.77,4.73,2.88
42974,0.41,Ideal,G,IF,61.7,56,1367,4.77,4.8,2.95
17679,1.01,Good,E,VS1,63.8,60,7127,6.25,6.23,3.98
26713,0.32,Ideal,F,VS2,61.5,56,645,4.4,4.42,2.71
41895,0.56,Very Good,E,SI2,63.5,57,1259,5.24,5.21,3.32
10772,1.01,Very Good,H,SI1,61.8,60,4855,6.38,6.44,3.96
51038,0.75,Premium,H,SI1,60.2,59,2329,5.92,5.88,3.55
45137,0.56,Premium,E,SI1,62.5,59,1653,5.24,5.2,3.26
23075,1.52,Premium,H,VS2,59.4,59,11105,7.45,7.49,4.44
47433,0.65,Premium,F,VS2,59,62,1853,5.68,5.65,3.34
13358,0.24,Very Good,E,VS2,61.5,58,419,4.02,4.05,2.48
22137,1.2,Premium,G,IF,59.4,61,10169,6.95,6.92,4.12
3764,1.05,Premium,J,SI2,60.9,60,3457,6.59,6.51,3.99
16323,1.08,Premium,G,VS2,60.1,59,6532,6.7,6.64,4.01
26478,2,Very Good,E,SI2,62.9,56,16064,7.94,8,5.01
12300,1.09,Premium,H,SI1,61.6,57,5219,6.63,6.59,4.07
36374,0.32,Ideal,G,IF,61.9,56,940,4.39,4.46,2.74
14633,1.11,Premium,E,SI1,61.3,58,5908,6.66,6.61,4.07
20562,1.55,Very Good,G,SI2,61.9,60,8873,7.31,7.36,4.54
45388,0.55,Very Good,G,VS1,59.4,62,1667,5.32,5.36,3.17
5186,0.9,Good,G,SI1,63.8,61,3774,6.09,6.05,3.87
6459,1.01,Very Good,H,SI1,62.5,58,4052,6.37,6.42,4
40969,0.51,Good,D,SI2,63.9,55,1180,5.04,5.1,3.24
17307,1.29,Premium,D,SI2,59.4,62,6935,7.06,6.99,4.17
2310,0.7,Ideal,G,VVS1,62.8,57,3165,5.63,5.68,3.55
19467,1.77,Good,J,SI2,63.4,60,8109,7.61,7.65,4.84
23647,1.67,Ideal,H,SI1,61.6,55,11678,7.68,7.62,4.71
21084,1.41,Good,H,VS2,63.8,60,9254,7.12,7.04,4.52
4917,0.92,Premium,I,VS1,61.4,58,3725,6.23,6.27,3.84
13032,0.41,Good,G,I1,63.8,56,600,4.74,4.7,3.01
13734,0.28,Very Good,E,VVS2,60.2,58,604,4.24,4.27,2.56
40151,0.35,Ideal,E,VVS1,60.7,57,1116,4.57,4.53,2.76
13847,1.01,Premium,D,SI1,61.5,61,5644,6.47,6.37,3.95
44656,0.35,Good,D,SI2,63.3,55,522,4.45,4.49,2.83
37111,0.4,Premium,H,SI1,61.9,57,969,4.75,4.71,2.93
1247,0.85,Good,G,SI1,64.9,56,2945,5.95,5.98,3.87
53030,0.72,Ideal,I,VVS2,61,57,2602,5.81,5.84,3.55
27200,2.14,Premium,G,SI2,60.4,59,17513,8.32,8.38,5.04
6964,1,Very Good,I,SI1,63.1,58,4149,6.3,6.35,3.99
18403,1.59,Premium,I,VS2,62,58,7479,7.44,7.39,4.6
31321,0.36,Premium,I,IF,59.9,59,758,4.58,4.63,2.76
22712,1.53,Premium,I,VS1,62.4,59,10729,7.3,7.34,4.57
52691,0.74,Premium,G,SI1,61,60,2553,5.85,5.76,3.54
26483,1.75,Very Good,G,VS2,62.8,59,16073,7.53,7.62,4.76
22608,1.53,Premium,H,SI1,61,61,10659,7.45,7.4,4.53
34294,0.43,Ideal,H,VS2,60.7,55,857,4.96,4.89,2.99
36618,0.32,Ideal,D,SI2,59.8,57,477,4.4,4.46,2.65
16260,1.01,Ideal,G,VS1,62,57,6504,6.44,6.36,3.97
28374,0.34,Ideal,I,IF,62.2,53.5,668,4.5,4.52,2.8
38925,0.51,Premium,G,SI2,60.8,59,1052,5.2,5.19,3.16
43162,0.42,Ideal,F,VVS1,61.3,56,1389,4.83,4.82,2.96
22121,1.51,Ideal,E,SI2,62.6,53,10147,7.4,7.32,4.61
45635,0.25,Very Good,G,VVS1,63,54,525,4.02,4.04,2.54
12843,1.06,Ideal,F,SI2,61.8,56,5354,6.56,6.51,4.04
19525,1.02,Ideal,F,VS1,62.6,54,8157,6.45,6.41,4.02
18046,0.3,Very Good,E,VS2,62.6,62,614,4.21,4.25,2.65
8018,1.04,Premium,D,SI2,58.2,59,4330,6.67,6.62,3.87
48194,0.53,Premium,E,VS2,59.9,61,1946,5.3,5.25,3.16
9817,1.09,Ideal,G,SI2,62.1,56,4670,6.66,6.59,4.12
14585,0.92,Ideal,H,VVS1,62.1,54,5886,6.26,6.23,3.88
50458,0.7,Good,F,SI1,58.7,61,2264,5.77,5.81,3.4
52549,0.81,Premium,H,SI2,62.2,56,2534,5.98,5.92,3.7
20402,1.31,Premium,E,SI1,62.4,58,8767,7.03,6.95,4.36
43316,0.38,Ideal,E,IF,61.4,55,1402,4.68,4.74,2.89
45853,0.56,Ideal,H,VS1,61.1,57,1715,5.31,5.34,3.25
36644,0.43,Premium,F,SI1,61.7,58,948,4.84,4.82,2.98
48225,0.57,Ideal,E,VS2,61.8,55,1949,5.38,5.34,3.31
36399,0.31,Ideal,E,VS1,60.9,57,942,4.41,4.39,2.68
17929,1.01,Premium,E,VS2,58,61,7240,6.53,6.5,3.94
5806,1.02,Good,D,SI2,63.8,59,3909,6.43,6.33,4.07
40289,0.27,Ideal,H,VVS2,61.9,55,496,4.14,4.16,2.57
4054,0.35,Ideal,H,VS2,61.2,56,571,4.53,4.56,2.78
45041,0.54,Very Good,F,VS2,60.9,55,1639,5.25,5.31,3.21
52942,0.7,Very Good,F,VS2,61.6,60,2593,5.63,5.71,3.49
31963,0.43,Premium,H,I1,62,59,452,4.78,4.83,2.98
12655,1,Premium,E,SI1,60.5,59,5299,6.4,6.45,3.89
6479,1.11,Fair,J,SI2,64.8,55.1,4056,6.44,6.55,4.21
2960,0.7,Fair,D,VVS2,58.5,62,3296,5.72,5.81,3.37
47335,0.23,Very Good,E,VVS1,60,59,530,3.97,4.03,2.4
47991,0.32,Good,F,SI1,63.2,55,533,4.37,4.4,2.77
19540,1,Very Good,F,VVS2,63.2,56,8172,6.35,6.3,4
51962,0.3,Ideal,G,VS2,61.6,57,545,4.3,4.33,2.66
50827,0.67,Very Good,G,VS1,59.9,57.4,2309,5.69,5.75,3.42
6195,0.9,Very Good,D,SI1,62.5,63,3997,6.14,6.11,3.83
8088,1.01,Good,F,SI1,63.4,55,4339,6.35,6.42,4.05
43219,0.5,Good,E,VS2,64.1,58,1397,5.03,5.01,3.22
26522,1.98,Premium,I,VS1,62.5,58,16171,7.95,7.99,4.98
53677,0.71,Premium,E,VS2,62.1,59,2711,5.68,5.72,3.54
24345,2,Fair,F,SI2,59.8,68,12610,8.13,7.95,4.81
30641,0.36,Ideal,I,IF,62,55,735,4.59,4.61,2.85
53784,0.73,Ideal,E,SI1,62.8,57,2728,5.73,5.74,3.6
8612,0.84,Very Good,D,VS1,60.6,57,4443,6.06,6.15,3.7
97,0.7,Good,F,VS1,59.4,62,2759,5.71,5.76,3.4
23113,1.7,Very Good,H,VVS2,63.2,56,11133,7.59,7.56,4.79
43163,0.42,Premium,F,VVS1,60.5,58,1389,4.84,4.81,2.92
49196,0.55,Ideal,G,VVS1,61.2,56,2077,5.27,5.3,3.24
28573,0.3,Ideal,H,VS1,62.7,55,675,4.3,4.25,2.68
10580,1.16,Premium,F,SI2,61.2,61,4820,6.77,6.74,4.14
39004,0.42,Ideal,G,VS1,61,56,1055,4.86,4.82,2.95
39639,0.49,Premium,G,SI2,59.4,60,1084,5.17,5.14,3.06
50317,1.06,Fair,I,I1,64.5,57,2239,6.47,6.33,4.13
48696,0.54,Ideal,G,VVS1,62.2,53.9,2007,5.22,5.25,3.26
9501,1.13,Premium,I,VS2,62,58,4611,6.64,6.69,4.13
43935,0.31,Ideal,F,SI1,62,55.2,515,4.32,4.35,2.69
8671,1.04,Ideal,G,SI2,61.4,57,4455,6.54,6.48,4
12275,1.21,Very Good,J,VS2,61.5,58,5211,6.85,6.9,4.23
48052,0.54,Ideal,G,VVS2,61.9,55,1927,5.2,5.3,3.25
23809,1.55,Ideal,I,VVS1,62.1,56,11869,7.36,7.43,4.59
44943,0.55,Ideal,G,VS2,60.1,55,1634,5.33,5.37,3.22
1565,0.55,Ideal,F,VVS1,61.2,54,3005,5.3,5.35,3.26
35599,0.31,Ideal,H,VVS1,62.2,56,907,4.37,4.34,2.71
10969,1.08,Very Good,G,SI1,60.6,58,4906,6.58,6.73,4.03
49655,0.71,Very Good,H,SI2,61.8,58,2141,5.67,5.73,3.52
27635,2.4,Ideal,H,SI2,62,55,18541,8.6,8.57,5.32
14952,1.2,Premium,I,VS1,62.8,56,6021,6.8,6.74,4.25
53779,0.72,Very Good,G,VS2,62.5,59,2728,5.69,5.71,3.56
9455,1.2,Ideal,I,SI2,63,57,4596,6.77,6.7,4.24
44761,0.52,Very Good,E,VS2,62.8,55,1621,5.11,5.15,3.22
123,0.7,Very Good,F,VS2,61.7,63,2762,5.64,5.61,3.47
53725,0.71,Ideal,I,SI1,61.5,55,2721,5.76,5.79,3.55
19030,0.27,Very Good,E,VVS2,63.8,54,621,4.06,4.09,2.6
2196,0.9,Good,E,SI2,64.1,57,3139,6.07,6.09,3.9
1325,0.74,Fair,G,VVS2,65.2,58,2959,5.7,5.6,3.69
37211,0.34,Ideal,G,IF,60.9,56,974,4.5,4.53,2.75
11321,1.12,Premium,I,VS2,62.8,57,4986,6.68,6.61,4.17
18405,1.4,Premium,F,SI2,59.9,60,7479,7.38,7.29,4.39
28307,0.3,Very Good,H,SI1,62.9,59,432,4.24,4.28,2.68
19417,1.12,Very Good,G,VVS1,58.9,60,8072,6.78,6.91,4.03
21343,1.21,Very Good,G,VVS2,60.4,56,9484,6.88,6.92,4.17
16215,1.09,Ideal,G,VS2,62.3,57,6480,6.6,6.57,4.1
37709,0.4,Ideal,G,VVS1,62.6,57,995,4.66,4.73,2.94
29592,0.32,Ideal,D,SI1,62.9,56,706,4.4,4.38,2.76
38254,0.31,Very Good,J,VS2,62.7,58,380,4.3,4.34,2.71
25431,1.5,Premium,E,VS2,62.3,60,14179,7.27,7.2,4.51
53814,0.7,Very Good,D,SI1,63.4,58,2734,5.63,5.66,3.58
5671,0.91,Ideal,G,SI1,62.6,57,3884,6.16,6.21,3.87
44857,0.5,Very Good,D,VS2,63.4,57,1627,5.05,5.08,3.21
22142,1.52,Premium,E,SI1,60.2,58,10180,7.44,7.37,4.46
44607,0.53,Premium,G,VS2,62.6,58,1607,5.18,5.11,3.22
44085,0.6,Very Good,G,SI1,61.1,57,1554,5.36,5.47,3.31
26299,1.7,Premium,G,VS2,59,58,15797,7.8,7.85,4.62
37844,0.33,Ideal,D,VS2,62.5,55,1002,4.45,4.41,2.77
24803,2.1,Ideal,I,SI1,61.7,55,13182,8.21,8.13,5.04
34473,0.38,Very Good,E,VS2,60.3,58,866,4.67,4.72,2.83
12926,1.01,Good,F,SI1,62.4,59,5378,6.29,6.33,3.94
12666,1.02,Very Good,I,VS1,62.2,60,5302,6.4,6.43,3.99
15988,1.01,Very Good,E,VS2,60.9,57,6399,6.41,6.47,3.92
51902,0.66,Premium,E,VS1,60.8,59,2433,5.58,5.6,3.4
17313,1,Very Good,D,VS2,61.2,60,6937,6.4,6.42,3.92
40119,0.41,Ideal,F,VVS2,61,56,1115,4.78,4.82,2.93
19160,1.08,Ideal,F,VS2,62.3,54,7917,6.6,6.56,4.1
39218,0.32,Ideal,D,VS2,61.7,55,1066,4.39,4.42,2.72
16234,1.15,Premium,G,VS2,61.5,58,6492,6.76,6.71,4.14
37654,0.33,Ideal,G,IF,61.5,56,992,4.46,4.48,2.75
33479,0.32,Ideal,F,VS2,61.6,57,828,4.43,4.4,2.72
10156,1.01,Very Good,D,SI2,61.9,58,4727,6.43,6.49,4
15311,1.03,Premium,G,VS2,62.1,57,6146,6.48,6.41,4
36965,0.41,Premium,G,VS1,62.5,59,961,4.77,4.73,2.97
24961,1.68,Premium,G,VS1,58.2,57,13445,7.89,7.85,4.58
2227,0.9,Fair,G,SI1,65.4,57,3145,6.04,5.95,3.92
31158,0.41,Ideal,E,SI1,62.6,57,755,4.72,4.73,2.96
42693,0.54,Good,H,VS2,63.2,55,1338,5.2,5.24,3.3
27465,2.03,Very Good,D,SI2,62.4,59,18120,7.98,8.04,5
3188,0.73,Ideal,G,VS1,62,55,3342,5.74,5.79,3.58
2716,0.33,Ideal,H,SI1,60.6,56,564,4.46,4.49,2.72
9920,1.13,Very Good,H,SI1,63.3,56,4689,6.65,6.62,4.2
27709,0.32,Ideal,H,VS2,62.5,55,648,4.42,4.38,2.75
42751,0.51,Very Good,H,VS1,62.5,58,1343,5.09,5.12,3.19
37554,0.32,Ideal,D,VVS1,62.1,54,988,4.43,4.4,2.74
44885,0.5,Ideal,E,VS2,62.9,54,1629,5.14,5.1,3.22
4043,0.84,Premium,E,VS2,62.4,60,3528,6.04,5.98,3.75
11856,1.07,Ideal,I,VS1,62.2,58,5103,6.52,6.57,4.07
34405,0.34,Ideal,H,IF,61.7,55,863,4.5,4.54,2.79
39784,0.36,Ideal,D,VS2,61.1,57,1094,4.62,4.58,2.81
41924,0.5,Premium,E,SI2,60.1,60,1262,5.13,5.05,3.06
20714,0.31,Ideal,G,VS1,61.4,56,625,4.36,4.37,2.68
40687,0.46,Premium,E,VS2,61.3,57,1156,5.02,4.99,3.07
27945,0.23,Very Good,G,VVS2,62.8,55,431,3.93,3.95,2.47
21213,1.62,Very Good,E,SI2,60.8,59,9355,7.57,7.62,4.62
17254,1.02,Very Good,G,VS2,60.5,60,6906,6.53,6.49,3.94
24817,3,Premium,G,I1,59.7,60,13203,9.42,9.26,5.58
3935,0.71,Ideal,F,VVS2,62,57,3499,5.7,5.65,3.52
11317,1.05,Very Good,I,VS2,63.2,59,4986,6.47,6.44,4.08
29524,0.38,Ideal,I,VS1,62.3,55,703,4.63,4.66,2.89
46970,0.32,Ideal,I,VS1,61.4,55.3,529,4.39,4.42,2.7
26607,1.52,Ideal,G,VVS1,61.4,57,16343,7.38,7.4,4.54
17138,1.5,Fair,H,SI1,65,57,6838,7.1,7.06,4.6
30094,0.32,Ideal,H,VS1,62.9,54,720,4.41,4.37,2.76
17977,1.1,Very Good,F,VS2,62.7,58.5,7272,6.5,6.59,4.1
16612,1.03,Ideal,H,VVS2,62.2,55,6638,6.43,6.49,4.03
46354,0.61,Good,D,SI1,59,57,1759,5.54,5.57,3.28
35807,0.31,Ideal,F,IF,61.3,57,914,4.34,4.37,2.67
37064,0.43,Premium,F,VS2,59.8,58,968,4.94,4.89,2.94
28055,0.32,Ideal,F,VS2,61.4,57,660,4.4,4.43,2.71
39143,0.41,Ideal,G,VS2,62.2,57,1061,4.74,4.71,2.94
24486,1.51,Good,G,VS2,63.3,60,12756,7.2,7.28,4.58
16370,0.33,Ideal,D,SI1,62.7,55,608,4.4,4.44,2.77
49417,0.6,Premium,D,SI1,62.8,61,2106,5.41,5.33,3.37
1110,0.8,Very Good,F,SI1,63.5,55,2914,5.86,5.89,3.73
31007,0.29,Ideal,F,IF,61.9,56,748,4.27,4.3,2.65
27525,2.03,Very Good,G,SI1,61.3,59,18257,8.08,8.11,4.96
34175,0.33,Premium,G,VS1,62.4,59,854,4.47,4.41,2.77
29810,0.3,Premium,D,SI1,61,61,709,4.29,4.27,2.61
7415,1.02,Ideal,H,SI2,60.5,60,4225,6.56,6.53,3.96
43731,0.51,Very Good,G,VS2,62.9,58,1438,5.06,5.11,3.2
35923,0.43,Ideal,E,SI2,62.1,56,919,4.85,4.84,3.01
30392,0.33,Ideal,H,VVS1,61.5,55,730,4.44,4.47,2.74
38959,0.31,Good,H,VS2,63.2,58,489,4.31,4.33,2.73
47656,0.34,Ideal,D,I1,61.4,55,530,4.52,4.5,2.77
52952,0.24,Very Good,D,VVS2,62.9,58,552,3.96,3.99,2.5
19542,1.55,Very Good,H,SI2,62.5,61,8174,7.31,7.34,4.58
1201,0.8,Premium,H,VS1,62,60,2935,5.92,5.86,3.65
33837,0.3,Ideal,E,VVS1,62,57,844,4.29,4.32,2.67
12738,1.11,Ideal,H,SI1,60.2,54,5315,6.82,6.7,4.07
16387,1.32,Premium,G,SI1,62.1,59,6542,7.03,6.99,4.35
46687,0.59,Ideal,E,SI1,61.1,56,1790,5.38,5.44,3.31
28717,0.23,Premium,D,VVS2,60.4,59,680,4,3.95,2.4
19834,1.11,Ideal,G,VS2,61.6,56,8400,6.62,6.65,4.09
11247,1.05,Good,E,SI1,64.2,61,4967,6.41,6.33,4.09
26070,2.03,Ideal,I,SI1,62.9,57,15291,8.06,8.02,5.06
22270,1.51,Very Good,H,VS2,63,57,10319,7.25,7.3,4.58
43206,0.62,Ideal,G,SI2,60.6,57,1395,5.53,5.56,3.36
20025,0.32,Very Good,G,SI2,62.4,59,421,4.35,4.4,2.73
7543,1.01,Very Good,E,SI2,63.3,58,4244,6.36,6.3,4.01
22113,1.24,Ideal,F,VS1,60.9,54,10138,6.98,6.95,4.24
40743,0.36,Ideal,G,VVS1,61.7,55,1163,4.58,4.6,2.83
45917,0.53,Ideal,E,VS2,61.4,56,1721,5.18,5.25,3.2
1036,0.53,Ideal,D,VVS1,62.5,54,2905,5.16,5.21,3.24
8640,1.06,Premium,I,SI1,61.9,59,4452,6.52,6.5,4.03
31357,0.27,Ideal,F,IF,61.4,57,760,4.17,4.19,2.57
52165,0.76,Ideal,I,SI1,62.3,57,2474,5.81,5.87,3.64
26368,0.32,Good,H,VVS2,63.4,56,645,4.34,4.37,2.76
22978,1.5,Very Good,H,VS2,60.7,61,11025,7.34,7.41,4.48
20939,1.16,Premium,G,VVS2,60,59,9146,6.89,6.82,4.11
10232,1.06,Ideal,I,SI1,61.9,54,4745,6.56,6.59,4.07
35617,0.3,Very Good,H,VS2,62.7,59,473,4.22,4.27,2.66
41665,0.51,Very Good,E,SI2,63.3,56,1239,5.12,5.08,3.23
28604,0.3,Premium,E,SI1,59.8,60,675,4.35,4.31,2.59
10714,0.31,Premium,D,SI2,60.1,60,593,4.41,4.38,2.64
244,0.77,Good,F,SI1,64.2,52,2789,5.81,5.77,3.72
26117,2.06,Premium,I,VS1,58.4,55,15393,8.42,8.35,4.9
49657,0.7,Very Good,G,SI2,60.7,58,2141,5.74,5.8,3.5
52708,0.8,Premium,H,SI1,62.5,59,2553,5.96,5.91,3.71
35107,0.3,Ideal,F,IF,62.5,54,886,4.31,4.33,2.7
8057,0.23,Very Good,F,VVS1,62.8,54,583,3.92,3.94,2.47
12337,1.1,Ideal,G,SI1,62.3,56,5226,6.64,6.58,4.12
37905,0.41,Ideal,G,VVS2,61,57,1007,4.78,4.8,2.92
36139,0.33,Ideal,E,VS2,61.2,56,928,4.47,4.45,2.73
21518,1.5,Very Good,I,VVS2,64,54,9618,7.19,7.27,4.63
38405,0.35,Ideal,H,VVS1,61.7,56,1024,4.55,4.53,2.8
34818,0.36,Premium,E,VS2,62.5,58,878,4.57,4.52,2.84
12498,1.15,Very Good,E,SI2,60,59,5257,6.78,6.82,4.08
19185,1.5,Ideal,G,SI2,61.5,57,7936,7.33,7.39,4.53
33158,0.31,Ideal,G,VVS1,62.5,54,816,4.33,4.37,2.72
36886,0.34,Ideal,F,VVS1,61.7,55,959,4.51,4.5,2.78
38572,0.4,Premium,H,VS1,62.6,58,1035,4.73,4.66,2.94
20706,0.31,Ideal,F,VS2,60.8,57,625,4.36,4.39,2.66
14077,1.2,Ideal,H,SI2,61.6,57,5712,6.84,6.79,4.2
21513,1.56,Good,I,VS2,57.2,62,9609,7.66,7.72,4.4
17524,1.12,Good,F,VS2,63.8,57,7051,6.61,6.59,4.21
24490,1.52,Ideal,H,VVS2,62.8,56,12764,7.32,7.3,4.59
23331,1.24,Ideal,G,IF,62.4,56,11376,6.86,6.89,4.29
26357,0.32,Ideal,G,VS1,61.3,55,645,4.42,4.46,2.72
49383,0.51,Very Good,G,IF,62.6,56,2102,5.09,5.13,3.2
38262,0.26,Premium,H,VS1,62.3,59,382,4.06,4.1,2.54
10276,1.04,Ideal,G,SI2,62,56,4752,6.52,6.49,4.03
26400,2.39,Premium,H,SI1,61.8,58,15917,8.57,8.52,5.28
32058,0.33,Premium,I,VVS1,61.9,60,780,4.44,4.41,2.74
42698,0.52,Premium,F,SI1,59.5,59,1338,5.31,5.24,3.14
33510,0.4,Very Good,J,IF,62.2,61,828,4.68,4.71,2.92
38374,0.51,Ideal,J,SI1,62.5,58,1023,5.11,5.13,3.2
19602,1.4,Premium,H,SI1,62.4,57,8223,7.19,7.11,4.46
23381,0.36,Premium,H,VS1,60.5,59,631,4.6,4.63,2.79
31553,0.38,Ideal,F,SI1,61.7,56,766,4.68,4.72,2.9
11062,0.28,Good,F,VVS2,61.2,62,596,4.16,4.21,2.56
34482,0.4,Very Good,F,VS2,63.6,56,867,4.66,4.68,2.97
32446,0.43,Very Good,H,VS2,61.9,55,792,4.8,4.95,3.02
38181,0.41,Ideal,D,SI1,60.8,57,1015,4.84,4.8,2.93
39933,0.3,Premium,H,VS1,62.1,59,491,4.25,4.28,2.65
39335,0.4,Ideal,D,VS1,60.6,56,1072,4.82,4.78,2.91
24976,1.71,Ideal,H,SI1,61.8,57,13477,7.74,7.69,4.76
23253,1.4,Very Good,G,VS1,62.6,58,11262,7.03,7.07,4.41
4796,1.2,Fair,H,SI2,65.6,57,3696,6.73,6.57,4.36
51994,0.72,Ideal,H,VS2,62,56,2443,5.8,5.74,3.58
29756,0.3,Premium,D,SI1,63,58,709,4.27,4.24,2.68
7856,0.9,Premium,D,SI1,59.4,62,4304,6.24,6.19,3.69
5220,0.91,Good,D,SI2,63.8,58,3781,6.09,6.04,3.87
26485,2.03,Premium,H,SI2,61.6,58,16075,8.17,8.09,5.01
32130,0.41,Very Good,G,SI2,63.4,58,784,4.73,4.7,2.99
3185,1.02,Good,I,SI2,57.1,62,3342,6.66,6.58,3.78
20634,1.27,Very Good,F,VS2,60.7,61,8928,6.97,7.01,4.24
5486,0.9,Very Good,G,SI1,62,58,3841,6.14,6.18,3.82
23169,1.2,Good,F,VVS1,63.6,57,11182,6.74,6.71,4.28
10393,0.31,Ideal,G,SI1,62.8,55,593,4.38,4.32,2.73
25559,2.15,Ideal,I,SI2,61.7,55,14388,8.24,8.43,5.14
10345,1.01,Premium,H,VS2,62.4,58,4769,6.42,6.36,3.99
3303,0.8,Premium,F,VS2,62,61,3369,5.99,5.91,3.69
40131,0.41,Premium,F,VVS2,62.4,58,1115,4.7,4.76,2.95
2527,1.04,Good,J,SI2,63.8,56,3204,6.36,6.32,4.05
31967,0.26,Ideal,D,VS1,62,55,452,4.1,4.12,2.55
33152,0.31,Premium,E,VVS2,60.4,59,816,4.34,4.37,2.63
10485,1.01,Premium,F,SI2,62.2,57,4796,6.43,6.36,3.98
26052,1.51,Premium,F,VS2,59.1,60,15253,7.52,7.45,4.42
11996,1.03,Ideal,G,SI1,61.1,57,5147,6.54,6.58,4.01
35910,0.4,Ideal,H,VS2,60.9,56,919,4.79,4.83,2.93
27098,2.01,Premium,H,SI1,62.3,58,17235,8.04,7.99,4.99
38498,0.42,Ideal,G,VVS2,62.7,56,1031,4.74,4.77,2.98
41440,0.46,Good,F,VS1,59.2,63,1228,5,5.03,2.97
19132,1.06,Very Good,E,VS1,63,58,7900,6.46,6.49,4.08
3436,0.91,Very Good,G,SI2,62,58,3387,6.13,6.2,3.82
30866,0.33,Premium,G,VS2,62.6,58,743,4.44,4.41,2.77
11795,1.12,Very Good,G,SI1,59.5,62,5088,6.76,6.81,4.04
29099,0.36,Ideal,D,SI2,62.3,57,689,4.57,4.52,2.83
6308,1.01,Very Good,H,SI2,63.9,56,4023,6.29,6.38,4.05
33880,0.3,Premium,E,VS2,60.7,59,844,4.33,4.3,2.62
7278,1,Ideal,I,SI1,59.8,57,4200,6.5,6.44,3.87
50787,0.8,Premium,E,SI2,59.1,61,2304,6.03,5.99,3.55
48762,0.56,Premium,F,VS1,58.2,60,2016,5.41,5.38,3.14
50505,0.71,Good,I,VS2,64.3,63,2270,5.63,5.56,3.6
35585,0.35,Premium,F,VS2,61.8,58,906,4.52,4.48,2.78
10302,1.01,Very Good,D,SI2,62.9,60,4760,6.35,6.46,4.03
10284,1.11,Premium,G,SI2,61.2,59,4755,6.74,6.66,4.1
34119,0.31,Ideal,E,VVS1,62.5,54,853,4.33,4.37,2.72
38422,0.3,Premium,E,IF,61,59,1026,4.29,4.33,2.63
32620,0.3,Ideal,I,VS1,62.3,55,457,4.3,4.34,2.69
52769,0.72,Good,F,SI1,64,61,2563,5.67,5.62,3.61
7737,0.43,Premium,H,I1,62,59,581,4.83,4.78,2.98
2957,0.82,Premium,E,SI1,62.5,56,3295,6.01,5.96,3.74
13200,1.02,Premium,F,SI1,61,59,5455,6.58,6.47,3.98
52749,0.7,Good,E,VS2,59.2,64,2559,5.8,5.75,3.42
30205,0.34,Ideal,F,VS1,60.9,57,723,4.53,4.56,2.77
24403,1.51,Premium,E,SI1,58.3,59,12644,7.52,7.47,4.37
20462,1.17,Ideal,F,VS1,62.2,56,8806,6.77,6.74,4.2
11420,0.9,Very Good,E,VS1,62.3,56,5001,6.1,6.19,3.83
11279,1.35,Premium,J,VS2,61.2,61,4974,7.13,7.08,4.35
340,0.78,Premium,G,VS2,60.8,58,2803,6.03,5.95,3.64
7781,0.9,Ideal,F,SI1,61.5,56,4284,6.25,6.2,3.83
40195,0.41,Ideal,G,VS1,61.1,55,1121,4.79,4.83,2.94
30165,0.4,Very Good,D,VS2,60.5,58,720,4.76,4.82,2.9
22857,1.2,Very Good,F,VVS2,62.9,59,10891,6.72,6.76,4.24
23175,1.5,Premium,H,VS1,62.1,59,11189,7.31,7.27,4.53
2473,0.76,Ideal,E,VS2,61.5,56,3192,5.92,5.89,3.63
10947,1.01,Premium,F,SI1,61.8,59,4899,6.34,6.41,3.94
25348,1.76,Ideal,I,VVS2,60.2,58,14065,7.84,7.87,4.73
9929,1.05,Premium,H,SI1,61.9,58,4692,6.5,6.45,4.01
22481,1.19,Ideal,G,VVS1,61.6,59,10508,6.78,6.79,4.18
17848,1.07,Ideal,G,VS1,62,56,7198,6.58,6.52,4.06
17981,1.7,Ideal,H,SI2,62.1,57,7273,7.68,7.63,4.75
16546,1.37,Very Good,G,SI2,62.8,57,6609,7.06,7.12,4.45
24031,0.35,Ideal,G,VS2,61,57,633,4.54,4.57,2.78
45511,0.55,Ideal,F,VS1,60.3,57,1682,5.32,5.37,3.23
43306,0.6,Very Good,I,VS2,60.6,60,1402,5.46,5.49,3.32
39489,0.41,Very Good,E,VS1,62.2,57,1079,4.74,4.78,2.96
35696,0.3,Ideal,E,VS1,61.7,57,911,4.31,4.28,2.65
36420,0.42,Very Good,D,SI1,63.3,58,942,4.75,4.73,3
1965,0.73,Ideal,G,SI1,60.6,57,3089,5.84,5.87,3.55
32067,0.33,Ideal,D,SI1,62.7,55,780,4.44,4.4,2.77
25515,2.03,Ideal,E,SI2,62.3,56,14308,8.11,8.09,5.05
5515,0.9,Very Good,F,SI1,63.6,58,3848,6.08,6.12,3.88
52442,0.7,Very Good,E,SI2,62.6,57,2514,5.64,5.67,3.54
43354,0.5,Good,E,VS2,63.7,59,1407,4.99,5.03,3.19
16063,1.01,Very Good,F,VS2,62.8,59,6416,6.33,6.41,4
40459,0.5,Ideal,H,SI1,62.5,57,1140,5.06,5.08,3.17
9200,0.95,Ideal,G,VS2,61.6,56,4549,6.34,6.3,3.89
19229,1.05,Ideal,D,VS2,61.7,59,7965,6.5,6.53,4.02
43500,0.47,Very Good,D,VS1,59.5,61,1422,5.06,5.03,3.02
22207,1.34,Ideal,H,VVS1,62.1,56,10255,7.05,7.11,4.4
14953,1,Very Good,H,VVS1,62.3,60,6022,6.28,6.36,3.94
5521,1,Premium,H,SI2,61.2,59,3850,6.38,6.42,3.92
21097,1.5,Premium,G,SI1,62.6,55,9265,7.31,7.27,4.56
40279,0.35,Very Good,F,SI2,61.2,55,494,4.56,4.57,2.79
27650,3.01,Good,H,SI2,57.6,64,18593,9.44,9.38,5.42
377,1.2,Fair,F,I1,64.6,56,2809,6.73,6.66,4.33
12096,1.09,Premium,D,SI2,61.2,60,5164,6.6,6.64,4.05
14654,1.2,Ideal,I,VS2,62.1,57,5914,6.78,6.71,4.19
30553,0.31,Very Good,D,VS2,62.3,55,734,4.32,4.35,2.7
22287,1.7,Premium,H,VVS2,61.4,58,10337,7.66,7.62,4.69
23296,1.5,Very Good,E,SI1,59.4,59,11325,7.42,7.49,4.43
28233,0.33,Ideal,F,VS2,61.9,57,666,4.4,4.42,2.73
48397,0.64,Very Good,D,SI1,62.2,55,1967,5.51,5.55,3.44
15863,1.2,Good,D,SI2,62.2,65,6344,6.75,6.7,4.18
38098,0.36,Ideal,E,VS2,61.9,56,1013,4.59,4.56,2.83
53888,0.52,Ideal,F,IF,61.5,57,2749,5.15,5.19,3.18
32409,0.41,Ideal,D,SI1,62.7,56,791,4.73,4.78,2.98
35020,0.4,Very Good,E,SI1,63.2,56,882,4.74,4.69,2.98
8804,1.05,Premium,F,SI2,62.6,59,4475,6.43,6.47,4.04
45733,0.56,Ideal,E,VS2,62.8,57,1699,5.21,5.23,3.28
22882,1.29,Ideal,F,VS1,62.3,54,10923,7,6.93,4.34
29782,0.3,Ideal,D,SI1,61,56,709,4.37,4.35,2.66
2753,0.9,Good,H,SI2,63.6,60,3250,6.06,6.11,3.87
21104,1.3,Ideal,D,SI1,62.2,56,9275,6.98,6.94,4.33
3186,0.73,Ideal,F,VVS1,61.9,56,3342,5.83,5.76,3.59
6413,0.74,Fair,D,VVS2,65.4,53,4040,5.73,5.71,3.74
24107,1.46,Premium,G,VS1,62.3,58,12261,7.25,7.2,4.5
45275,0.54,Premium,H,VVS2,60.6,60,1662,5.29,5.31,3.21
52418,0.82,Premium,G,SI2,60.7,61,2512,6.01,5.98,3.64
2835,0.78,Ideal,I,VVS2,62.4,56,3267,5.87,5.9,3.67
34138,0.32,Ideal,F,VVS1,61.6,55,854,4.42,4.44,2.73
43714,0.51,Ideal,E,SI1,60.8,57,1437,5.17,5.22,3.16
5099,0.91,Very Good,H,SI2,63.3,58,3756,6.11,6.06,3.85
28779,0.39,Good,F,VS2,64.3,55,681,4.56,4.64,2.96
35193,0.31,Ideal,G,IF,62.1,54,891,4.35,4.38,2.71
42648,0.4,Very Good,E,VVS1,61.2,61,1333,4.7,4.74,2.89
21013,1.3,Ideal,G,VS2,61.9,55,9225,7.04,7.01,4.35
50514,0.71,Ideal,I,VS2,62,54,2272,5.73,5.77,3.56
26653,2.28,Ideal,J,VS2,62.7,57,16450,8.43,8.36,5.26
29772,0.3,Ideal,I,VVS1,62.1,56,709,4.33,4.3,2.68
27644,2.02,Fair,H,VS2,64.5,57,18565,8,7.95,5.14
23564,1.54,Premium,G,SI1,60.5,61,11574,7.47,7.44,4.51
21688,1.09,Ideal,F,VS1,61.6,55,9786,6.62,6.67,4.09
6339,0.57,Very Good,D,IF,61.3,57,4032,5.33,5.41,3.29
44110,0.51,Ideal,G,VS2,61.8,55,1557,5.15,5.18,3.19
2853,0.8,Very Good,H,VS1,60.9,57,3273,5.98,6.02,3.65
18129,1.41,Very Good,H,SI2,58.5,57,7339,7.36,7.44,4.33
5928,0.92,Ideal,E,SI2,62.1,53,3941,6.25,6.22,3.87
52790,0.72,Ideal,F,VS2,61.9,54,2568,5.77,5.74,3.56
39971,0.5,Very Good,F,SI1,63.2,58,1106,5.08,5.04,3.2
52222,0.71,Premium,F,SI2,61.6,59,2482,5.75,5.71,3.53
41469,0.41,Ideal,D,VS1,61.3,54,1230,4.83,4.8,2.95
45224,0.52,Ideal,E,SI1,60.7,55,1656,5.23,5.22,3.18
16434,1.13,Ideal,E,SI1,62.2,55,6563,6.66,6.69,4.15
11210,1.15,Premium,H,SI2,62.9,56,4959,6.7,6.59,4.18
6321,1.11,Premium,I,SI2,61.2,61,4028,6.69,6.65,4.08
24042,0.38,Premium,I,VS2,61.8,59,633,4.61,4.64,2.86
6324,1.11,Very Good,H,SI2,61.5,59,4029,6.56,6.61,4.05
44342,0.5,Very Good,D,VS2,63.8,56,1580,5.05,5.08,3.23
47170,0.52,Premium,G,VVS2,61,58,1835,5.21,5.15,3.16
10929,0.91,Premium,F,VS2,62.2,58,4892,6.21,6.17,3.85
9382,0.32,Good,D,SI1,63.5,55,589,4.31,4.35,2.75
34023,0.4,Ideal,I,VVS1,61,56,849,4.79,4.81,2.93
49566,0.6,Ideal,G,VS1,61.6,56,2131,5.44,5.47,3.36
46499,0.4,Ideal,E,VVS1,61.7,55,1778,4.74,4.76,2.93
18573,1.51,Premium,I,SI2,59.7,59,7577,7.48,7.46,4.46
11704,0.34,Premium,H,VS1,61.6,59,596,4.49,4.54,2.78
34060,0.36,Ideal,D,SI1,61.2,57,851,4.63,4.59,2.82
12091,1.06,Very Good,G,SI1,63.4,58,5163,6.44,6.47,4.09
28844,0.41,Very Good,H,SI1,62.9,55,683,4.75,4.82,3.01
32687,0.31,Very Good,G,VS1,63.2,57,802,4.33,4.28,2.72
21748,1.52,Very Good,D,SI2,58.6,59,9817,7.43,7.48,4.37
38290,0.28,Very Good,E,VS1,60.2,58,487,4.23,4.27,2.56
28586,0.3,Good,G,VS2,63.9,55,675,4.28,4.27,2.73
20910,1.66,Very Good,G,SI2,58.5,62,9123,7.73,7.79,4.54
25064,1.83,Very Good,I,VS1,61.9,57,13587,7.85,7.91,4.88
18315,1.01,Very Good,D,VS2,63.1,58,7448,6.34,6.38,4.01
43253,0.38,Premium,D,VVS1,61.4,59,1400,4.63,4.66,2.85
42903,0.51,Good,E,SI1,57.4,62,1361,5.29,5.24,3.02
50662,0.31,Good,E,SI1,63.2,59,544,4.28,4.33,2.72
45499,0.58,Ideal,I,VVS1,62.1,56,1680,5.32,5.34,3.31
33614,0.31,Very Good,G,SI1,60.4,58,462,4.39,4.42,2.66
53587,0.8,Ideal,G,SI1,60.8,57,2699,6.02,6.05,3.67
48927,0.74,Very Good,F,SI2,63.2,58,2042,5.75,5.71,3.62
21351,1.59,Ideal,J,VS1,61.3,57,9494,7.5,7.55,4.61
4038,1,Good,H,SI2,63.9,58,3528,6.36,6.28,4.03
43953,0.31,Good,F,SI1,63.5,56,516,4.3,4.33,2.74
38476,0.42,Ideal,F,VS1,61.9,57,1031,4.79,4.81,2.97
5147,1.03,Fair,G,SI2,65.6,58,3765,6.3,6.26,4.12
22558,1.03,Ideal,D,VS1,61.7,57,10607,6.45,6.48,3.99
23506,1.51,Good,H,VS1,59.1,58,11512,7.48,7.52,4.43
3282,0.91,Premium,G,SI2,61.3,60,3363,6.2,6.17,3.79
28571,0.3,Premium,H,VS1,62,58,675,4.28,4.24,2.64
46134,0.54,Very Good,F,VS2,63,56.8,1745,5.18,5.22,3.28
18610,1.1,Ideal,F,VS2,61.4,56,7589,6.68,6.64,4.09
15671,1.18,Very Good,G,SI1,60.8,58,6286,6.81,6.85,4.15
36489,0.3,Ideal,E,IF,62,54,943,4.31,4.34,2.68
31465,0.4,Very Good,G,SI2,63.2,56,765,4.73,4.7,2.98
24136,1.5,Premium,G,VS2,62.5,59,12308,7.32,7.28,4.56
33306,0.33,Ideal,H,VVS2,61.3,56,827,4.43,4.47,2.73
16265,1.09,Premium,G,VS2,61.7,58,6504,6.6,6.53,4.05
32656,0.31,Premium,H,VVS2,62.4,59,802,4.35,4.31,2.7
474,0.72,Very Good,G,VS1,63.8,58,2819,5.64,5.68,3.61
19926,1.5,Ideal,H,SI2,62.4,58,8471,7.29,7.26,4.54
28183,0.37,Ideal,I,VS2,61.7,57,666,4.64,4.6,2.85
19348,1.56,Good,I,SI2,58.5,61,8048,7.58,7.63,4.45
36082,0.33,Ideal,G,IF,61,56,925,4.48,4.51,2.74
48920,0.7,Very Good,J,VVS1,63.3,55,2042,5.63,5.68,3.58
2245,0.7,Good,E,VS1,61.2,58,3148,5.66,5.72,3.48
44408,0.51,Ideal,G,VS2,61,56,1585,5.17,5.2,3.16
11027,0.91,Very Good,F,VS2,62.1,58,4917,6.19,6.24,3.86
15178,1.01,Premium,F,VS2,62.4,58,6097,6.43,6.36,3.99
30886,0.33,Ideal,E,SI1,62.5,55,743,4.45,4.42,2.77
2284,0.77,Very Good,D,SI1,58.6,59,3160,6,6.04,3.53
44231,0.59,Ideal,D,SI2,60.2,57,1572,5.47,5.42,3.28
4203,1.01,Premium,F,SI2,60.2,61,3563,6.49,6.43,3.89
12863,1.24,Ideal,J,VS2,61.8,58,5361,6.88,6.84,4.24
36716,0.41,Premium,E,SI2,61.7,58,953,4.8,4.76,2.95
43033,0.51,Very Good,F,SI1,61.8,57,1374,5.1,5.13,3.16
15251,0.9,Good,F,VVS1,64.2,56,6124,6.07,6.02,3.88
37311,0.31,Premium,F,IF,61.5,58,979,4.33,4.35,2.67
9277,1.01,Very Good,D,SI2,61.4,60,4564,6.33,6.38,3.9
7130,0.92,Very Good,H,VS2,63.4,57,4173,6.17,6.11,3.89
495,0.73,Ideal,F,SI1,62.1,55,2822,5.75,5.78,3.58
50622,0.26,Very Good,F,SI1,61.3,55,401,4.15,4.21,2.56
6123,1.02,Very Good,F,SI2,61.1,62,3984,6.49,6.54,3.98
43562,0.49,Good,F,VS1,58.9,60.5,1430,5.17,5.21,3.05
9138,1.1,Ideal,H,SI2,62.6,56,4537,6.57,6.65,4.14
14242,1.11,Good,F,SI1,63.1,56,5769,6.59,6.63,4.17
38499,0.42,Ideal,G,VVS2,62.2,56,1031,4.77,4.81,2.98
6658,1.13,Premium,J,SI2,59.7,59,4093,6.85,6.76,4.06
26860,1.75,Premium,G,VS2,61.5,59,16783,7.76,7.66,4.74
43752,0.58,Very Good,D,SI2,62.9,56,1438,5.31,5.35,3.35
21352,1.73,Premium,F,SI2,61.5,60,9494,7.75,7.66,4.74
43868,0.5,Ideal,H,VS1,60.5,57,1449,5.15,5.19,3.13
8653,1.07,Good,E,SI2,60,62,4453,6.57,6.62,3.96
36637,0.41,Very Good,D,SI1,63.4,55,947,4.72,4.68,2.98
3911,0.54,Ideal,D,VVS1,61.2,57,3494,5.25,5.27,3.22
46454,0.52,Ideal,D,VS2,61,57,1774,5.18,5.21,3.17
10379,0.9,Good,F,VS2,62.8,58,4778,6.04,6.09,3.81
23878,2.24,Premium,J,VS1,60.9,58,11970,8.46,8.41,5.14
39287,0.3,Ideal,H,VS2,62.1,56,491,4.32,4.34,2.69
52878,0.74,Very Good,F,SI1,61.5,58,2583,5.82,5.85,3.59
41663,0.4,Ideal,G,IF,63.1,54,1239,4.69,4.73,2.97
23438,1.23,Premium,F,VVS2,61.6,59,11430,6.8,6.9,4.22
30002,0.43,Ideal,H,SI1,62.4,56,716,4.81,4.83,3.01
43000,0.55,Ideal,D,SI2,61.3,57,1368,5.28,5.23,3.22
13040,0.36,Ideal,F,SI1,61.5,56,600,4.59,4.62,2.83
36142,0.33,Premium,E,VS2,61,60,928,4.46,4.43,2.71
52259,0.7,Ideal,I,VVS1,61.4,55,2489,5.7,5.76,3.52
33106,0.32,Ideal,E,VVS2,62.2,53,816,4.39,4.42,2.74
19916,1.27,Premium,D,SI1,62.5,58,8463,6.92,6.87,4.31
49023,0.57,Ideal,H,VVS1,60.9,56,2052,5.38,5.36,3.27
10185,1,Good,G,SI1,63.9,60,4737,6.22,6.27,3.99
46571,0.59,Very Good,F,VS2,61.6,56,1784,5.39,5.41,3.33
12309,1.13,Very Good,I,VS1,61.7,54,5220,6.71,6.74,4.15
46321,0.58,Ideal,H,VS2,61.2,56,1755,5.41,5.39,3.3
3167,0.75,Ideal,F,SI1,61.5,55,3336,5.88,5.9,3.62
13453,1.1,Very Good,I,VS2,61.8,58,5524,6.59,6.62,4.08
12037,0.34,Ideal,G,VS2,62.7,55,596,4.48,4.49,2.81
12512,1.01,Premium,H,VS2,61.9,57,5260,6.42,6.35,3.95
3128,0.9,Premium,H,SI2,59.2,60,3326,6.3,6.24,3.71
10837,1.09,Ideal,H,SI1,62.2,56,4871,6.59,6.56,4.09
8946,1.01,Very Good,G,SI2,63.7,57,4498,6.3,6.35,4.03
6512,1.12,Premium,J,SI1,62.7,55,4064,6.65,6.61,4.16
35657,0.31,Very Good,G,VVS2,63.3,57,907,4.31,4.28,2.72
39452,0.5,Good,E,SI2,63.7,55,1077,5.03,5.08,3.22
45470,0.5,Premium,E,VS2,62.9,60,1676,5.1,5.07,3.2
10010,1.01,Very Good,G,SI1,62.4,60,4707,6.34,6.39,3.97
6272,0.71,Very Good,D,VVS2,61.7,58,4014,5.71,5.74,3.53
3946,0.71,Ideal,D,SI1,61.8,56,3502,5.72,5.76,3.54
26482,2,Premium,I,VS2,58.6,62,16068,8.2,8.17,4.8
9616,1.06,Very Good,F,SI2,62.6,60,4634,6.54,6.44,4.06
1057,0.25,Premium,E,VS1,61.5,60,558,4.04,4.02,2.48
32026,0.31,Ideal,G,VVS1,61.6,54,778,4.36,4.38,2.69
44581,0.53,Ideal,E,VS2,62,55,1607,5.17,5.21,3.22
16454,1.35,Very Good,I,SI1,59.5,58,6573,7.28,7.17,4.3
51164,0.71,Premium,F,SI1,58.5,59,2345,5.87,5.82,3.42
45729,0.55,Premium,E,SI1,60.8,58,1698,5.32,5.29,3.22
4372,0.73,Very Good,G,VVS1,62.9,59,3606,5.7,5.78,3.61
37914,0.41,Premium,D,VS2,62.4,60,1007,4.71,4.75,2.95
15709,0.24,Very Good,F,VVS1,62.2,57,608,3.97,4,2.48
46971,0.32,Ideal,I,VS1,60.9,56.7,529,4.41,4.44,2.69
5389,0.3,Ideal,G,SI1,62.8,56,574,4.32,4.28,2.7
18695,0.29,Ideal,E,VS1,60.6,55,619,4.33,4.35,2.63
26333,1.63,Ideal,G,VS1,61.7,55,15840,7.6,7.56,4.68
37241,0.52,Premium,H,SI2,60.9,61,975,5.15,5.1,3.12
22707,0.35,Premium,I,VS2,62.9,57,630,4.53,4.5,2.84
53736,0.7,Ideal,G,VS2,62.3,57,2723,5.65,5.68,3.53
48006,0.52,Ideal,D,VS2,62.6,55,1919,5.14,5.12,3.21
2165,0.7,Very Good,D,VS2,61.2,60,3131,5.73,5.77,3.52
51032,0.7,Premium,G,VS1,62.9,59,2329,5.63,5.56,3.52
3237,0.9,Good,I,VS2,58.5,66,3353,6.23,6.25,3.65
29891,0.3,Ideal,E,VS1,60.7,57,710,4.31,4.36,2.63
3687,0.9,Very Good,I,VS1,62.6,58,3447,6.14,6.17,3.85
26341,0.32,Ideal,H,VVS2,61.7,56,645,4.37,4.42,2.71
38062,0.38,Ideal,F,VS1,61.1,56,1013,4.69,4.71,2.87
15332,1.51,Fair,I,SI2,66,57,6156,7.14,7,4.7
53260,0.72,Good,F,SI1,63.4,58,2647,5.66,5.69,3.6
17688,1.06,Premium,G,VS1,62.8,56,7130,6.52,6.47,4.08
27095,2.52,Ideal,I,SI1,61.5,56,17231,8.76,8.69,5.37
44724,0.48,Ideal,G,VS1,61.9,55,1615,5.02,5.06,3.12
48473,0.59,Ideal,D,VS2,61.4,57,1978,5.39,5.4,3.31
24425,2.06,Premium,H,SI2,62.6,58,12677,8.06,8.03,5.04
6743,0.33,Ideal,G,VS2,62.2,56,579,4.43,4.44,2.76
48018,0.5,Ideal,H,VS2,62.3,55,1921,5.09,5.12,3.18
44507,0.52,Ideal,F,VS2,62.5,54,1600,5.14,5.17,3.22
20044,0.4,Ideal,H,SI2,62.6,55,625,4.73,4.76,2.97
24618,1.67,Ideal,H,VS2,62.6,56,12945,7.55,7.57,4.73
3700,0.9,Good,E,SI1,63.8,56,3449,6.17,6.09,3.91
27658,2.42,Premium,J,VS2,61.3,59,18615,8.61,8.58,5.27
38613,0.31,Premium,J,VS2,62.4,60,488,4.33,4.29,2.69
6662,0.7,Very Good,D,VS1,60.3,58,4095,5.76,5.79,3.48
18340,1.29,Ideal,G,SI1,60.9,59,7463,6.99,7.04,4.27
28081,0.4,Ideal,J,VVS2,61.8,55,662,4.76,4.79,2.95
26501,2.1,Premium,G,SI2,60.9,57.4,16112,8.17,8.27,5
21913,1.32,Ideal,G,VS1,62.6,56,9979,7.05,7,4.4
35098,0.3,Ideal,F,IF,61.8,54,886,4.34,4.37,2.69
28676,0.24,Ideal,F,VVS1,62,56,678,3.99,4.01,2.48
18637,1.2,Good,G,VS2,63.3,58,7603,6.66,6.74,4.24
48255,0.72,Very Good,H,SI2,61,56,1953,5.75,5.8,3.52
30493,0.31,Premium,D,SI1,61.4,58,732,4.39,4.34,2.68
37191,0.34,Ideal,E,VVS1,61.4,56,973,4.51,4.54,2.78
46324,0.69,Very Good,H,SI1,62.5,57.6,1757,5.66,5.72,3.55
24575,1.51,Premium,G,VS2,62.7,58,12872,7.31,7.2,4.55
8472,1.01,Premium,F,SI2,62.2,59,4416,6.41,6.45,4
53100,0.71,Ideal,I,VS2,61.8,55,2614,5.7,5.73,3.53
33903,0.3,Premium,E,VS2,62.6,58,844,4.3,4.26,2.68
19945,1.2,Very Good,G,VS2,63.2,56,8491,6.82,6.75,4.29
26140,2.3,Ideal,G,SI2,61.6,57,15433,8.47,8.41,5.2
44911,0.53,Ideal,D,SI1,62,55,1631,5.22,5.24,3.24
1018,0.73,Ideal,E,VS2,61.4,55,2902,5.82,5.8,3.57
43421,0.51,Very Good,H,VS2,60.8,58,1414,5.12,5.17,3.13
30559,0.31,Premium,D,VS2,61.2,59,734,4.32,4.37,2.66
15356,1.28,Premium,I,SI1,60,60,6164,7.08,6.99,4.22
16019,1.02,Ideal,G,VS2,62.5,58,6410,6.36,6.44,4
7075,0.33,Premium,G,VS2,60.8,58,579,4.45,4.47,2.71
53774,0.7,Ideal,D,SI1,62.5,55,2726,5.68,5.72,3.56
40629,0.41,Premium,E,VS1,62.2,57,1153,4.78,4.74,2.96
2715,0.33,Ideal,H,SI1,61.7,55,564,4.43,4.46,2.74
50062,0.71,Very Good,I,VS1,63.1,57,2202,5.68,5.58,3.55
4117,0.79,Premium,G,SI1,61.2,56,3539,6,5.96,3.66
49545,0.71,Premium,I,VS2,62.7,59,2127,5.66,5.69,3.56
15870,1,Ideal,G,VS1,62.2,56,6349,6.35,6.41,3.97
28405,0.35,Very Good,D,SI2,63.3,55,669,4.49,4.45,2.83
11914,1.07,Premium,H,SI1,60,60,5123,6.65,6.61,3.98
41575,0.55,Ideal,I,VS1,62.2,55,1238,5.26,5.29,3.28
32470,0.45,Fair,F,SI1,66.8,59,794,4.79,4.63,3.16
44285,0.52,Ideal,G,VS2,62,55,1577,5.19,5.13,3.2
37786,0.57,Very Good,I,SI2,62.1,57,1000,5.29,5.33,3.3
28027,0.3,Very Good,E,VS2,62.4,57,658,4.24,4.26,2.65
14484,1.26,Very Good,H,VS2,63.1,58,5849,6.91,6.81,4.34
15196,1.02,Very Good,I,VS2,61.5,57,6104,6.4,6.44,3.95
23901,1.5,Ideal,G,SI1,61,57,12009,7.38,7.41,4.51
16995,1.01,Premium,E,VS2,62.7,57,6787,6.36,6.31,3.97
30224,0.33,Ideal,E,VS2,61.3,55,723,4.46,4.48,2.74
31061,0.38,Good,F,VS2,62.7,58,752,4.56,4.6,2.87
50533,0.81,Premium,G,SI2,59,57,2274,6.14,6.1,3.61
8709,0.28,Ideal,H,VVS1,62,55,586,4.17,4.22,2.6
22444,1.6,Ideal,F,SI2,61.7,56,10472,7.5,7.53,4.64
29104,0.34,Ideal,H,VS2,62.2,56,689,4.53,4.48,2.8
8217,1.02,Premium,G,SI2,62.5,59,4370,6.42,6.37,4
31653,0.35,Premium,E,VS2,60.7,60,767,4.55,4.58,2.77
24597,2.28,Very Good,H,SI2,63.3,54,12907,8.36,8.29,5.27
3964,1.01,Premium,F,SI2,61.8,54,3507,6.47,6.42,3.98
53372,0.61,Ideal,G,IF,62.3,56,2659,5.42,5.46,3.39
1941,0.9,Premium,E,SI2,59.5,61,3084,6.3,6.24,3.73
41988,0.43,Premium,G,VVS1,60.3,58,1264,4.91,4.87,2.95
44803,0.5,Very Good,E,VS2,61.3,58,1624,5.06,5.12,3.12
11126,1,Ideal,F,SI1,62.4,55,4939,6.45,6.37,4
10040,0.34,Premium,J,VS2,62.3,60,417,4.46,4.49,2.79
40697,0.4,Ideal,E,VVS2,61.8,56,1158,4.74,4.77,2.94
7359,1.1,Very Good,J,SI2,61.9,55,4217,6.59,6.63,4.09
26566,2.02,Ideal,F,SI2,62.2,57,16256,8.07,8.03,5.01
34899,0.33,Ideal,F,VVS1,62.4,54,880,4.44,4.47,2.78
48438,0.51,Ideal,G,VVS2,61.9,55,1974,5.19,5.15,3.2
33075,0.4,Good,D,VS2,64.4,56,814,4.62,4.67,2.99
38175,0.32,Very Good,D,VVS1,61.6,54,1015,4.4,4.43,2.72
4413,1.01,Very Good,I,SI1,58.8,58,3610,6.52,6.57,3.85
12982,1.11,Premium,H,VS2,60.9,57,5395,6.77,6.69,4.1
31742,0.41,Premium,G,VS2,60.7,59,772,4.8,4.85,2.93
51766,0.7,Very Good,F,SI1,61.1,57,2409,5.7,5.73,3.49
42779,0.48,Very Good,E,SI1,62.7,58.5,1349,4.99,5.01,3.14
15649,1.07,Very Good,G,VS2,62.3,57,6274,6.56,6.47,4.06
51046,0.73,Very Good,G,SI1,59.8,61,2330,5.83,5.85,3.49
13986,1.16,Very Good,D,SI1,61.8,58,5695,6.72,6.78,4.17
22860,1.01,Very Good,E,VVS1,63.1,57,10891,6.39,6.36,4.02
51896,0.73,Ideal,E,SI2,62.8,55,2431,5.73,5.76,3.61
8506,1.35,Ideal,J,SI1,61,55,4423,7.17,7.09,4.35
19056,1.01,Premium,E,VS1,62.9,60,7839,6.36,6.32,3.99
52901,0.73,Ideal,G,VS2,62.5,56,2586,5.78,5.74,3.6
37614,0.24,Very Good,E,VVS1,61.7,58,485,3.94,4,2.45
40325,0.39,Premium,E,VVS2,59.5,58,1126,4.77,4.74,2.83
3524,0.71,Very Good,D,VS1,63.2,57,3406,5.63,5.67,3.57
43322,0.53,Fair,F,VS2,65.5,58,1402,5.09,5.03,3.31
16373,0.33,Very Good,D,SI1,62.8,56,608,4.39,4.43,2.77
35252,0.3,Very Good,G,IF,62.8,57,895,4.27,4.3,2.69
24916,1.75,Premium,D,SI2,60.6,60,13363,7.74,7.78,4.7
27589,1.7,Premium,F,VS1,60.6,58,18430,7.68,7.71,4.66
40398,0.34,Ideal,D,VVS1,61.7,56,1133,4.46,4.48,2.76
45571,0.52,Very Good,E,VS2,62.5,56,1689,5.15,5.18,3.23
26544,1.75,Premium,G,VS2,62.8,59,16220,7.62,7.53,4.76
47195,0.46,Very Good,F,VVS1,62.3,56,1838,4.94,4.98,3.09
24044,0.38,Good,H,SI1,63.3,57,633,4.58,4.62,2.91
11435,1.09,Premium,H,VS2,61.2,58,5005,6.63,6.58,4.03
14435,1.01,Ideal,H,SI2,59.1,59,5828,6.58,6.61,3.9
33651,0.38,Ideal,H,SI1,61.2,56,834,4.68,4.63,2.85
15894,1.01,Very Good,G,VVS2,61.3,61,6354,6.32,6.47,3.92
49053,0.73,Very Good,G,SI2,62.2,58,2057,5.71,5.77,3.57
12316,1.11,Good,I,VVS2,60.1,64,5221,6.73,6.62,4.02
14739,1,Ideal,E,SI1,62.9,56,5935,6.33,6.38,4
683,1.2,Very Good,H,I1,63.1,60,2850,6.75,6.67,4.23
29277,0.31,Premium,I,VVS2,61.6,59,698,4.33,4.31,2.66
685,0.66,Ideal,D,VS1,62.1,56,2851,5.54,5.57,3.45
19843,1.01,Very Good,E,VS1,60.4,60,8403,6.43,6.48,3.9
29417,0.38,Very Good,H,VS2,62.8,56,700,4.59,4.62,2.89
48702,0.62,Premium,F,VS2,62.3,60,2009,5.46,5.39,3.38
42096,0.44,Premium,E,VVS2,60,59,1274,4.95,4.99,2.98
10557,1.06,Premium,G,SI1,59.6,58,4815,6.67,6.73,3.99
32271,0.3,Ideal,E,VVS2,61.9,57,789,4.28,4.32,2.66
27641,2.09,Premium,H,SI1,61.1,56,18559,8.3,8.23,5.05
37583,0.32,Ideal,F,VVS1,61.4,56,990,4.42,4.38,2.7
17906,1.26,Ideal,G,SI1,61.3,57,7230,6.94,6.99,4.27
53899,0.65,Very Good,D,VS1,60.8,57.2,2752,5.55,5.63,3.4
40913,0.42,Ideal,G,VVS1,61.6,55,1179,4.82,4.85,2.98
47743,0.5,Very Good,F,VVS2,61.2,57,1891,5.1,5.13,3.13
39428,0.41,Premium,F,VS1,62.6,58,1076,4.75,4.74,2.97
34629,0.31,Ideal,E,VS2,60.8,54,872,4.4,4.39,2.67
13653,1.16,Ideal,I,VS2,60.8,56,5587,6.85,6.81,4.15
11013,1.01,Ideal,D,SI2,61.6,57,4916,6.42,6.46,3.97
48036,0.56,Ideal,D,VS1,61.7,56,1924,5.3,5.33,3.28
52417,0.7,Good,D,SI1,63.6,60,2512,5.59,5.51,3.51
21612,1.04,Very Good,E,VVS2,62.8,58,9705,6.42,6.45,4.04
30666,0.3,Premium,F,VVS2,61,59,737,4.3,4.33,2.63
36260,0.43,Ideal,G,SI2,61.3,56,935,4.89,4.87,2.99
34226,0.4,Good,I,VS2,63.8,54,855,4.72,4.68,3
34733,0.37,Premium,E,VS1,60.4,58,876,4.61,4.66,2.8
29532,0.37,Ideal,F,VS1,61,55,703,4.66,4.69,2.85
42181,0.5,Premium,G,SI1,62.9,59,1286,5.09,5.06,3.19
33352,0.41,Ideal,G,VS2,62.7,55,827,4.75,4.79,2.99
39567,0.44,Very Good,F,VS1,61.2,61,1081,4.83,4.88,2.97
16813,1.06,Very Good,G,VS1,60.5,56,6707,6.65,6.6,4.01
16639,1.1,Premium,G,VS2,60.2,58,6653,6.75,6.71,4.05
14256,1,Ideal,D,SI1,60.6,56,5775,6.5,6.54,3.95
19574,1.51,Ideal,J,VS2,61.5,56,8203,7.37,7.4,4.54
30040,0.32,Ideal,D,VS2,61.3,56,719,4.4,4.44,2.71
16142,1.3,Ideal,I,SI1,62.3,58,6451,6.94,7,4.34
50014,0.7,Ideal,F,SI1,61.3,57,2196,5.76,5.79,3.54
3697,0.72,Very Good,G,VVS2,60.1,60,3449,5.79,5.82,3.49
38512,0.44,Ideal,G,SI1,61.7,55,1032,4.88,4.91,3.02
12170,1.12,Premium,G,SI1,59.5,62,5181,6.81,6.76,4.04
14420,1.2,Premium,H,SI1,59.3,60,5822,7,6.92,4.13
36523,0.42,Ideal,G,SI1,62.5,56,945,4.83,4.8,3.01
28252,0.33,Ideal,G,VS1,61.4,55,666,4.44,4.48,2.74
5077,0.93,Fair,H,SI1,64.6,58,3750,6.13,6.07,3.94
37183,0.48,Premium,H,SI2,58.5,59,972,5.16,5.13,3.01
11864,1.08,Ideal,F,SI1,62.9,57,5106,6.54,6.53,4.11
45688,0.71,Premium,I,SI2,62.1,58,1696,5.7,5.67,3.53
21116,1.04,Ideal,F,VVS2,62.2,56,9281,6.53,6.46,4.04
10480,1.09,Premium,G,SI2,61.1,59,4794,6.69,6.63,4.07
51637,0.31,Premium,H,VS1,59.7,58,544,4.41,4.43,2.64
49957,0.3,Very Good,H,SI1,63.4,57,540,4.31,4.27,2.72
24480,1.1,Ideal,E,VVS1,61.1,56,12748,6.69,6.73,4.1
20188,1.12,Premium,D,VS1,62.1,57,8633,6.68,6.65,4.14
23322,1.03,Ideal,F,IF,61.3,56,11365,6.53,6.55,4.01
32704,0.31,Ideal,F,VS2,62.1,53,802,4.39,4.34,2.71
6751,1,Good,F,SI2,65.7,62,4102,6.15,6.21,4.06
28169,0.32,Ideal,G,VS1,61.6,55,665,4.43,4.46,2.74
46607,0.54,Premium,D,SI1,62.1,58,1786,5.23,5.21,3.24
52941,0.7,Premium,E,SI1,61.7,62,2592,5.68,5.64,3.49
28026,0.3,Ideal,E,VS2,62.4,57,658,4.29,4.33,2.69
29802,0.3,Premium,D,SI1,62.2,58,709,4.31,4.28,2.67
14307,0.91,Ideal,G,VS1,62.1,57,5795,6.17,6.2,3.84
51782,0.6,Ideal,G,VVS2,61.6,55,2413,5.44,5.47,3.36
30208,0.34,Ideal,E,SI1,60.4,57,723,4.53,4.55,2.74
53601,0.91,Premium,I,SI1,58.4,55,2700,6.34,6.32,3.7
37971,0.41,Very Good,F,VS1,61.2,57,1007,4.77,4.8,2.93
20630,1,Premium,F,VVS2,60.6,54,8924,6.56,6.52,3.96
38198,0.41,Premium,D,SI1,60.5,60,1015,4.81,4.77,2.9
23464,1.31,Ideal,G,VVS2,59.2,59,11459,7.12,7.18,4.23
14072,1.04,Good,D,SI1,63.7,58,5708,6.43,6.39,4.08
3198,0.91,Good,G,SI1,64.3,60,3344,6.04,6.12,3.91
5470,0.91,Fair,F,VS2,66.8,58,3837,5.95,5.97,3.98
51936,0.72,Ideal,F,SI1,61.8,57,2440,5.68,5.74,3.53
11839,1.2,Premium,I,SI1,61.4,57,5098,6.87,6.8,4.2
35322,0.31,Very Good,F,VVS1,61.8,59,897,4.33,4.35,2.68
23788,1.09,Ideal,F,IF,61.4,55,11846,6.61,6.68,4.09
11401,1.19,Ideal,I,SI1,62.3,57,4998,6.78,6.73,4.21
12054,0.34,Premium,G,VS2,61.6,58,596,4.45,4.51,2.76
44295,0.52,Premium,G,VS2,61.7,58,1577,5.16,5.14,3.18
48245,0.56,Good,E,VS1,59.8,61,1951,5.35,5.36,3.2
27642,2.01,Good,H,VS2,57.8,60,18561,8.29,8.35,4.81
18532,1.51,Premium,J,VS2,62.8,59,7553,7.28,7.2,4.55
8645,1.06,Ideal,H,SI2,62.8,57,4452,6.57,6.49,4.1
6758,0.9,Very Good,F,SI1,63.1,56,4103,6.17,6.12,3.88
21737,2.04,Fair,I,SI2,66.6,56,9802,7.8,7.77,5.19
12661,1.02,Very Good,F,SI1,62.8,55,5301,6.4,6.43,4.03
32841,0.29,Premium,E,VVS1,60.9,61,807,4.27,4.23,2.59
38112,0.36,Ideal,E,VS2,62.8,56,1013,4.54,4.51,2.84
19075,1.54,Ideal,I,VS2,60.7,56,7848,7.51,7.46,4.54
25524,1.51,Very Good,E,VS2,60.8,60,14338,7.3,7.36,4.46
15426,1.04,Ideal,G,VS2,62.6,55,6177,6.45,6.49,4.05
26029,0.32,Very Good,G,VS1,61.3,62,645,4.39,4.42,2.7
53825,0.7,Very Good,F,VS2,61.6,60,2737,5.59,5.65,3.46
33147,0.31,Ideal,G,VVS1,61.6,56,816,4.35,4.39,2.69
13605,1.2,Very Good,H,SI1,62.8,58,5567,6.73,6.8,4.25
26677,0.27,Ideal,G,SI1,62.2,54,426,4.13,4.17,2.58
7283,1,Premium,E,SI2,62.8,59,4200,6.34,6.3,3.97
15548,1.04,Very Good,G,VS2,63.4,55,6232,6.48,6.42,4.09
22508,1.15,Ideal,D,VS2,61,57,10546,6.76,6.78,4.13
11120,1.05,Good,H,SI1,63.2,56,4937,6.47,6.51,4.1
17572,1.06,Ideal,F,VS2,61,57,7075,6.57,6.6,4.02
21315,1.61,Good,G,VS2,63.8,58,9467,7.43,7.36,4.72
25623,1.04,Ideal,D,IF,61.8,57,14494,6.49,6.52,4.02
4762,0.9,Fair,D,SI1,64.8,59,3689,6.1,6.03,3.93
18555,1.02,Ideal,D,SI1,61.7,56,7564,6.4,6.49,3.97
35166,0.43,Ideal,H,SI1,60.7,54,891,4.96,4.92,3
35281,0.35,Premium,I,SI1,62.5,58,472,4.49,4.53,2.82
20815,1.55,Premium,H,VS1,58.4,61,9041,7.64,7.59,4.45
10604,1.17,Very Good,I,SI1,62.6,58,4826,6.64,6.71,4.18
42797,0.63,Premium,F,SI2,60.3,61,1351,5.55,5.5,3.33
52032,0.72,Ideal,G,SI2,60.8,57,2449,5.79,5.82,3.52
19444,1.06,Ideal,G,VS1,61.7,57,8093,6.52,6.57,4.04
31808,0.31,Ideal,D,VS1,61.9,53,774,4.36,4.4,2.71
33547,0.35,Ideal,D,VS2,62.4,55,829,4.48,4.52,2.81
44372,0.43,Ideal,F,IF,61.5,56,1580,4.89,4.86,3
44518,0.54,Premium,H,VS1,62.6,59,1600,5.19,5.22,3.26
50909,0.7,Fair,E,SI1,65.2,58,2318,5.57,5.54,3.62
43102,0.57,Very Good,E,SI2,58.8,57.3,1384,5.42,5.46,3.21
35723,0.3,Ideal,D,VS2,61.8,55,911,4.34,4.3,2.67
1104,0.71,Very Good,D,SI1,61.7,56,2913,5.68,5.8,3.54
47201,0.5,Very Good,G,VVS2,60.9,61,1838,5.11,5.13,3.12
42366,0.35,Ideal,D,VVS1,61,55,1303,4.62,4.59,2.81
40741,0.54,Good,E,SI2,63.8,54,1163,5.17,5.18,3.3
38319,0.52,Ideal,I,SI1,62,54,1019,5.17,5.19,3.21
46717,0.61,Good,E,SI1,61.3,61,1793,5.4,5.44,3.32
4533,0.91,Premium,E,SI2,62.8,61,3639,6.09,6.07,3.82
2836,0.78,Ideal,G,SI1,62.2,55,3267,5.87,5.9,3.66
11099,1,Premium,H,VS2,60.7,60,4930,6.55,6.49,3.96
11489,1.02,Ideal,G,SI1,62.4,55,5016,6.43,6.48,4.03
37847,0.33,Ideal,D,VS2,62.6,56,1002,4.43,4.39,2.76
44875,0.52,Ideal,F,VS2,62.5,56,1629,5.12,5.16,3.21
50920,0.72,Premium,G,SI1,60.8,58,2318,5.8,5.74,3.51
12584,1.07,Ideal,H,SI1,61,56,5281,6.6,6.68,4.05
21845,1.2,Very Good,E,VS1,59.4,56,9904,6.94,7,4.14
47129,0.61,Very Good,E,SI1,62.1,55,1829,5.43,5.46,3.38
44360,0.56,Ideal,E,SI1,62.3,56,1580,5.26,5.3,3.29
31944,0.3,Ideal,F,VS2,60.7,57,776,4.34,4.29,2.62
38361,0.33,Ideal,F,VVS1,61.9,55,1021,4.44,4.42,2.74
37596,0.23,Very Good,E,VVS2,63.8,57,485,3.88,3.9,2.48
3902,0.9,Good,G,SI2,62.7,59,3489,6.04,6.12,3.81
3409,0.3,Ideal,F,VS2,60.3,57,568,4.34,4.39,2.63
37117,0.43,Good,E,VS1,59.9,61,970,4.89,4.93,2.94
53686,0.74,Very Good,F,SI1,62.7,58,2715,5.71,5.78,3.6
29601,0.35,Very Good,H,VVS2,63,55,706,4.48,4.5,2.83
1428,0.9,Very Good,H,SI2,63.1,60,2972,6.14,6.09,3.86
27678,1.28,Ideal,E,IF,60.7,57,18700,7.09,6.99,4.27
9909,1.02,Very Good,H,SI1,63.5,58,4688,6.39,6.36,4.05
7275,1,Very Good,H,SI2,63.3,57,4200,6.37,6.3,4.01
25334,1.2,Ideal,D,VVS2,62.7,54,14033,6.8,6.82,4.27
14301,1.03,Premium,G,SI1,59.5,60,5791,6.6,6.54,3.91
10484,0.9,Ideal,F,SI1,61.8,58,4795,6.21,6.24,3.85
32444,0.43,Premium,F,SI1,61.3,60,792,4.83,4.86,2.97
39819,0.3,Premium,E,IF,61,59,1097,4.33,4.29,2.63
28533,0.33,Ideal,I,IF,61.7,55,675,4.45,4.49,2.76
37904,0.41,Premium,F,VS1,62.7,58,1007,4.74,4.77,2.98
1118,0.74,Premium,F,VS1,62.5,60,2917,5.78,5.74,3.6
7998,1.01,Premium,G,SI2,62.7,58,4327,6.44,6.38,4.02
45171,0.5,Premium,E,VS2,58.6,60,1654,5.21,5.16,3.04
35836,0.42,Very Good,G,SI1,61.7,55,916,4.78,4.81,2.96
18448,1.34,Ideal,F,VS2,62.5,56,7504,7.09,7.05,4.42
1681,0.8,Ideal,H,VS2,62.1,54,3030,5.96,5.99,3.71
24353,2.01,Very Good,H,SI2,63.4,58,12617,8.01,7.94,5.06
27629,2.14,Ideal,H,SI1,61.5,57,18528,8.36,8.29,5.12
45930,0.53,Ideal,G,VS1,61.9,56,1721,5.17,5.2,3.21
23187,1.5,Premium,H,VS2,62.4,59,11194,7.32,7.29,4.56
46591,0.54,Premium,H,VVS2,60.6,60,1786,5.31,5.29,3.21
45324,0.3,Very Good,F,VS2,61.4,55,524,4.32,4.37,2.67
27740,2.8,Good,G,SI2,63.8,58,18788,8.9,8.85,0
37213,0.34,Ideal,G,IF,62.2,53,974,4.49,4.52,2.8
11440,1.15,Good,H,SI1,60.2,61,5005,6.74,6.84,4.09
48951,0.57,Premium,D,VS2,61.7,60,2047,5.32,5.28,3.27
14071,1.04,Premium,D,SI1,61.5,58,5708,6.53,6.48,4
35113,0.3,Ideal,F,IF,62,56,886,4.31,4.33,2.68
30722,0.41,Very Good,D,VS2,62.1,56,738,4.76,4.77,2.96
46789,0.5,Good,E,VS1,58.2,61,1806,5.19,5.22,3.03
14021,1,Good,G,VS2,63.1,61,5702,6.33,6.38,4.01
7692,1.1,Very Good,H,SI1,62.1,58,4276,6.59,6.61,4.1
24821,1.52,Premium,G,VS1,61.5,58,13207,7.39,7.31,4.52
36033,0.41,Premium,G,SI1,60.3,59,923,4.79,4.76,2.88
19730,1.52,Premium,I,SI1,61.2,60,8299,7.41,7.36,4.52
8001,1.01,Ideal,G,SI2,59.6,57,4327,6.59,6.54,3.91
24951,2,Premium,G,SI2,62.9,58,13420,7.98,7.92,5
3651,0.91,Very Good,E,SI2,60,60,3438,6.23,6.28,3.75
7190,1.01,Very Good,F,SI2,62.4,58,4187,6.37,6.42,3.99
26686,0.32,Ideal,E,SI2,61,56,427,4.42,4.44,2.7
26753,2.21,Ideal,D,SI2,62,57,16558,8.36,8.31,5.18
44791,0.5,Very Good,E,VS2,61.4,59,1624,5.09,5.13,3.14
39886,0.42,Premium,G,VVS2,60.4,59,1103,4.82,4.78,2.9
14381,0.3,Premium,F,VS2,61.4,60,605,4.27,4.3,2.63
38866,0.4,Premium,F,VS1,61.5,59,1050,4.76,4.71,2.91
50286,0.31,Ideal,D,SI1,62.3,55,541,4.33,4.34,2.7
12430,1.03,Ideal,G,SI1,61.7,56,5241,6.5,6.47,4
40725,0.53,Very Good,G,SI1,63.4,54,1161,5.09,5.13,3.24
1083,0.7,Premium,D,VS2,61,60,2909,5.75,5.7,3.49
36513,0.33,Ideal,E,VVS1,61.9,54,945,4.45,4.47,2.76
7818,1,Very Good,D,SI2,63.5,59,4295,6.35,6.32,4.02
45249,0.43,Ideal,D,VVS1,62.3,56,1659,4.82,4.81,3
39044,0.4,Premium,E,VVS2,61.4,56,1056,4.81,4.74,2.93
5506,0.83,Ideal,H,VVS1,63.4,56,3846,5.96,5.99,3.79
40706,0.58,Ideal,I,SI2,61.3,56,1158,5.38,5.45,3.32
20207,1.28,Very Good,H,VS1,61.2,55,8645,6.98,7.04,4.29
53170,0.71,Premium,E,SI1,61.1,57,2629,5.73,5.69,3.49
19597,1.73,Good,E,I1,63.6,59,8220,7.56,7.6,4.82
53338,0.74,Premium,D,SI1,60.6,60,2655,5.88,5.84,3.55
4219,0.9,Very Good,F,SI2,62.7,59,3569,6.1,6.18,3.85
19317,1.01,Ideal,G,VVS2,61.1,57,8029,6.49,6.54,3.98
28197,0.4,Very Good,E,SI2,62.9,58,666,4.7,4.74,2.97
25914,2.07,Premium,I,SI2,60.5,60,15055,8.32,8.27,5.02
33805,0.32,Very Good,G,VVS1,58.1,59,842,4.49,4.53,2.62
34489,0.43,Premium,G,VS2,61.3,58,867,4.83,4.86,2.97
3191,0.9,Fair,E,SI2,64.5,57,3342,6.13,6.09,3.94
48903,0.51,Very Good,F,VVS2,62,55,2041,5.11,5.14,3.17
48298,0.75,Premium,J,SI1,61.7,56,1958,5.92,5.81,3.62
50749,0.74,Very Good,F,SI2,59.6,60,2298,5.85,6,3.53
11387,0.34,Premium,G,VS2,60.3,59,596,4.49,4.53,2.72
53446,0.72,Ideal,F,SI2,61.9,54,2674,5.83,5.73,3.57
36308,0.32,Ideal,H,VVS1,62.1,54,936,4.42,4.4,2.74
10437,1.2,Very Good,I,SI1,61.7,56,4785,6.82,6.76,4.19
1295,0.7,Good,E,VS1,61,61,2952,5.69,5.72,3.48
15708,0.24,Very Good,E,VVS2,62.4,54,608,3.96,3.99,2.48
1787,0.76,Ideal,H,SI1,61.3,55,3050,5.87,5.93,3.62
38031,0.38,Ideal,F,VVS2,62.1,54.6,1010,4.65,4.69,2.9
7550,1.01,Premium,G,SI2,62.5,60,4249,6.34,6.39,3.98
10014,1.01,Premium,H,SI1,62.6,61,4707,6.39,6.36,3.99
40169,0.38,Very Good,D,VS2,63.4,55,1117,4.67,4.63,2.95
51776,0.74,Ideal,F,SI2,61.6,55,2410,5.81,5.87,3.6
6057,0.32,Ideal,I,VS2,61.6,56,576,4.39,4.37,2.7
28704,0.41,Very Good,F,SI1,63.6,57,680,4.72,4.75,3.01
40880,0.33,Ideal,D,VVS1,61,55,1176,4.52,4.47,2.74
20814,1.08,Ideal,H,VVS1,61.8,57,9041,6.55,6.59,4.06
41699,0.45,Good,E,VS1,61.7,63,1241,4.88,4.91,3.02
5708,0.25,Very Good,F,VVS2,59,58,575,4.1,4.14,2.43
29694,0.31,Premium,G,VVS2,62.2,59,707,4.32,4.36,2.7
44452,0.56,Ideal,G,SI1,62.3,53,1591,5.31,5.28,3.3
26011,0.35,Ideal,D,SI1,62.3,55,644,4.52,4.56,2.83
10822,1.01,Ideal,G,SI1,60.7,58,4868,6.55,6.52,3.97
39285,0.3,Ideal,H,VS2,62.1,57,491,4.27,4.3,2.66
31218,0.32,Very Good,D,SI1,63.1,57,756,4.38,4.37,2.76
21316,1.53,Ideal,G,SI2,62.3,56,9468,7.39,7.34,4.59
29217,0.38,Ideal,G,SI1,60.6,57,695,4.71,4.76,2.87
36540,0.4,Premium,F,SI1,62.3,60,945,4.74,4.7,2.94
8122,1.18,Very Good,J,SI2,62.2,58,4353,6.74,6.79,4.21
8227,1,Ideal,F,SI2,61.3,56,4372,6.43,6.46,3.95
14240,1.09,Ideal,F,SI1,62,56,5768,6.61,6.56,4.08
21747,1.5,Very Good,F,SI2,62.9,55,9817,7.26,7.28,4.57
2044,0.32,Premium,G,VS2,61,59,561,4.42,4.46,2.71
26947,2.05,Ideal,H,SI1,61.9,57,17006,8.09,8.14,5.02
9026,1,Very Good,I,VS1,63.3,55,4516,6.39,6.34,4.03
32717,0.31,Premium,F,VS2,61.4,62,802,4.34,4.32,2.66
19045,0.33,Very Good,G,VS1,61.6,57,621,4.42,4.51,2.75
47637,0.51,Premium,D,VS2,60.5,60,1882,5.19,5.16,3.13
18976,1.21,Ideal,H,VS1,62.4,53,7811,6.83,6.86,4.27
24700,0.3,Very Good,H,VVS1,61.1,61,638,4.27,4.3,2.62
1139,0.71,Very Good,D,SI1,60.1,60,2921,5.76,5.79,3.47
44995,0.31,Premium,I,SI1,61.5,59,523,4.37,4.35,2.68
10123,1.01,Very Good,G,SI1,60.2,58,4719,6.5,6.59,3.94
1215,0.83,Very Good,F,SI2,61.9,56,2939,5.99,6.02,3.72
49622,0.32,Very Good,F,SI2,63.1,56,540,4.38,4.34,2.75
33976,0.3,Premium,F,IF,61.6,58,846,4.3,4.34,2.66
51376,0.7,Very Good,I,VVS2,63,58,2367,5.64,5.69,3.57
43187,0.58,Ideal,E,SI2,61.4,57.1,1392,5.36,5.38,3.3
7995,0.92,Very Good,D,SI2,61.6,58,4327,6.19,6.22,3.82
31313,0.32,Ideal,D,VS2,62.2,55,758,4.37,4.41,2.73
36193,0.4,Ideal,G,VVS2,62.6,57,931,4.68,4.75,2.95
15931,1,Good,G,VS2,59.1,62,6369,6.42,6.45,3.8
26285,2.01,Premium,H,SI2,62.3,58,15773,8.06,8.11,5.04
9893,1.08,Very Good,G,SI2,62.8,56,4685,6.48,6.6,4.11
24663,2.15,Ideal,I,SI1,60.9,56,13006,8.38,8.33,5.09
39763,0.36,Premium,D,VS2,60.5,58,1094,4.63,4.6,2.79
18260,1.55,Ideal,J,VS2,61.7,57,7416,7.37,7.42,4.56
953,0.74,Ideal,F,SI1,61.2,56,2889,5.83,5.87,3.58
19106,1.13,Premium,G,VVS2,61.4,58,7875,6.68,6.73,4.12
39012,0.43,Ideal,I,IF,62,55,1056,4.83,4.85,3
7020,1.1,Ideal,I,SI2,62.8,57,4158,6.63,6.56,4.14
23413,1.12,Ideal,F,VVS1,61,56,11403,6.71,6.74,4.1
45090,0.6,Ideal,F,SI1,61.5,58,1646,5.38,5.41,3.32
15379,0.35,Good,I,SI1,63.6,56,606,4.53,4.5,2.87
48300,0.51,Very Good,D,VS1,62.2,59,1959,5.1,5.13,3.18
37491,0.35,Ideal,E,VS2,61.6,56,984,4.54,4.52,2.79
12836,1.2,Very Good,I,SI1,63.8,57,5352,6.64,6.72,4.26
38153,0.75,Good,F,I1,64,59,1013,5.78,5.62,3.66
44513,0.54,Good,E,SI1,61.5,56,1600,5.22,5.26,3.23
38983,0.39,Ideal,F,VS2,60,57,1053,4.76,4.7,2.84
49673,0.7,Good,I,SI1,64.3,57,2142,5.63,5.59,3.61
25001,1.29,Ideal,E,VVS2,59.8,59,13530,7.07,7.11,4.24
36328,0.32,Premium,G,VVS2,60.9,61,936,4.41,4.39,2.68
42761,0.5,Very Good,F,VS2,63.4,57,1345,5.01,4.96,3.16
8394,0.34,Ideal,D,SI1,62,55,584,4.5,4.53,2.8
31001,0.35,Ideal,E,VS1,62.3,57,747,4.51,4.55,2.82
19119,1,Ideal,G,VVS2,59.8,54,7885,6.58,6.54,3.92
14283,1.24,Very Good,J,VS1,62.4,59.4,5783,6.81,6.89,4.27
38529,0.34,Ideal,E,VS1,61.2,57,1033,4.5,4.45,2.74
2011,0.66,Ideal,D,VVS2,61.6,57,3103,5.57,5.64,3.45
19266,1.51,Very Good,J,VS1,63.5,60,7991,7.29,7.23,4.61
37165,0.32,Ideal,D,VS2,61.9,55,972,4.43,4.39,2.73
44961,0.58,Premium,I,VVS1,62.6,59,1636,5.27,5.31,3.31
42806,0.59,Ideal,J,VS2,60.8,57,1352,5.47,5.42,3.31
10388,0.3,Fair,F,VS1,61.7,66,593,4.25,4.31,2.64
42385,0.46,Ideal,G,VVS2,62.4,54.4,1306,4.93,4.98,3.09
6554,1.01,Premium,I,SI1,58.6,62,4072,6.51,6.45,3.8
14724,0.3,Very Good,G,VS1,61.4,58,605,4.32,4.35,2.66
10595,1.02,Ideal,E,SI2,61.6,55,4824,6.46,6.52,4
52571,0.7,Ideal,H,VS2,63,55,2536,5.7,5.67,3.58
20184,1.52,Premium,I,SI1,61.9,58,8631,7.42,7.37,4.58
41721,0.41,Ideal,E,VVS2,61.6,56,1243,4.8,4.78,2.95
11859,1.05,Ideal,D,SI1,60,55,5104,6.66,6.61,3.98
5662,0.9,Good,H,VS2,63.6,58,3881,6.11,6.09,3.88
3838,0.9,Very Good,D,SI2,60.3,63,3473,6.22,6.12,3.72
26490,1.7,Very Good,G,VS2,61.6,58,16086,7.63,7.67,4.71
18026,1.5,Premium,H,SI2,62.3,59,7291,7.27,7.21,4.52
2525,0.7,Premium,F,VVS1,63,60,3204,5.62,5.59,3.53
4551,0.91,Ideal,F,SI2,62.7,57,3642,6.16,6.21,3.88
27564,2.32,Very Good,I,SI1,63.2,59,18371,8.55,8.44,5.37
36172,0.32,Ideal,F,IF,61.9,54,929,4.43,4.46,2.75
31096,0.36,Very Good,H,VVS1,62,55,753,4.57,4.6,2.84
19823,1.51,Premium,H,SI2,62.4,58,8388,7.36,7.31,4.58
14148,1.25,Premium,I,SI1,62.4,58,5740,6.89,6.85,4.29